<?xml version="1.0" encoding="UTF-8" ?>
<frame id="frame" title="Swixml - Action Sample" size="360,200" >
  <menubar id="mb">
    <menu id="mu_file" text="File">
      <menuitem text="New" icon="icons/user.gif" mnemonic="VK_N" Action="newAction"/>
      <menuitem text="Open" icon="icons/open.gif" mnemonic="VK_O" Action="openAction"/>
      <menuitem id="mi_save" text="Save" icon="icons/save.gif" mnemonic="VK_S" ActionCommand="AC_SAVE"/>
      <separator/>
      <menuitem id="mi_exit" text="Exit" icon="icons/exit.gif" mnemonic="VK_X" ActionCommand="AC_EXIT"/>
    </menu>
    <menu id="mu_help" text="Help">
      <menuitem id="mi_help" text="Help" enabled="true" icon="icons/help.gif" ActionCommand="AC_HELP"/>
      <separator/>
      <menuitem id="mi_about" text="About" enabled="true" icon="icons/info.gif" ActionCommand="AC_ABOUT"/>
    </menu>
  </menubar>

  <panel id="pnl_North" layout="borderlayout" constraints="BorderLayout.NORTH">
    <toolbar id="tb" floatable="true" borderPainted="true" orientation="HORIZONTAL">
      <button ToolTipText="New" enabled="true" icon="icons/new.gif" Action="newAction"/>
      <button ToolTipText="Help" enabled="true" icon="icons/help.gif" ActionCommand="AC_HELP"/>
      <button ToolTipText="Exit" enabled="true" icon="icons/exit.gif" ActionCommand="AC_EXIT"/>
    </toolbar>
  </panel>

  <panel Border="EtchedBorder">
    <label labelfor="cbx" Font="Comic Sans MS-BOLD-12" Foreground="blue">ComboBox</label>
    <combobox id="cbx" initclass="ComboModel" Action="petAction" PrototypeDisplayValue="1234567890|1234567890"/>
  </panel>

  <panel constraints="BorderLayout.SOUTH">
    <label>Status:</label>
  </panel>
</frame>