<?xml version="1.0" encoding="UTF-8"?>
<frame name="mainframe" size="340,280" title="SWIXML FormLayout Sample Descriptor">

  <panel id="formPanel1">
    <layout type="FormLayout"
            columns="pref, 4dlu, 50dlu, 4dlu, min"
            rows="pref, 2dlu, pref, 2dlu, pref"/>
    <label text="Label 1" constraints="1,1"/>
    <label text="Label 2" constraints="1,3"/>
    <label text="Label 3" constraints="1,5"/>
    <textfield id="textField1" constraints="3,1"/>
    <textfield id="textField2" constraints="3,3"/>
    <textfield id="textField3" constraints="3,5"/>
  </panel>
</frame>